size,BeatGAN
1000,0.3016173245614035
2000,0.32184027777777774
5000,0.337510634966901
10000,0.3299562137494041
20000,0.32841132935669554
50000,0.33040088762434033
100000,0.3363590406331223
