size,BeatGAN
1000,0.423492949
2000,0.436484529
5000,0.438446786
10000,0.452839118
20000,0.436377266
50000,0.44267263
100000,0.44907271
