size,BeatGAN
1000,0.426810278666611
2000,0.4641847575351547
5000,0.4861020948633337
10000,0.4732988444178968
20000,0.4729323590067988
50000,0.477180696381314
100000,0.4837407896563743
