size,BeatGAN
1000,495431.45632743835
2000,496893.27669143677
5000,502571.5539455414
10000,511608.122587204
20000,535005.0106048584
50000,628053.629398346
100000,678294.9244976044
