size,BeatGAN
1000,0.7354761904761905
2000,0.8466450858842993
5000,0.8713517891530966
10000,0.8375793435466878
20000,0.8458034807004111
50000,0.8587054119250344
100000,0.861146044009863
