size,BeatGAN
1000,0.781
2000,0.8294200662293969
5000,0.7856768982479263
10000,0.7931521596069822
20000,0.7632732295679843
50000,0.7787614870676292
100000,0.7816402376019279
