size,BeatGAN
1000,468057.8501224518
2000,471021.5036869049
5000,475769.0727710724
10000,485359.86590385437
20000,507246.7005252838
50000,608107.1517467499
100000,639988.3434772491
