size,BeatGAN
1000,0.291591218847352
2000,0.29750678396358543
5000,0.30434756324404766
10000,0.31712191236054554
20000,0.30559480771625525
50000,0.30926247666699114
100000,0.31505699098539863
