size,BeatGAN
5000,286677.6041984558
10000,325529.901266098
20000,357838.2737636566
30000,373865.2937412262
40000,338180.5884838104
50000,382366.54901504517
