size,BeatGAN
5000,0.9140625
10000,0.828125
20000,0.684375
30000,0.67578125
40000,0.6309523809523809
50000,0.5891203703703703
