size,BeatGAN
5000,0.9140625
10000,0.828125
20000,0.7604166666666666
30000,0.7456896551724139
40000,0.6973684210526316
50000,0.6627604166666666
