size,BeatGAN
5000,0.9140625
10000,0.828125
20000,0.85546875
30000,0.8317307692307693
40000,0.7794117647058824
50000,0.7574404761904762
