size,BeatGAN
5000,-1.0
10000,0.27468827184814243
20000,0.14775961258726397
30000,0.2489930277899716
40000,0.46301203777048117
50000,0.4251573362604338
