size,BeatGAN
5000,0.0
10000,0.30817166704263477
20000,0.16762756574668802
30000,0.230874041155184
40000,0.48058173341605925
50000,0.4151432771754576
