size,BeatGAN
5000,0.0
10000,0.24776785714285715
20000,0.13210227272727273
30000,0.2701981707317073
40000,0.44668170103092786
50000,0.4356664540816326
