size,BeatGAN
5000,994771.7649936676
10000,1011140.4399871826
20000,766681.0586452484
30000,776601.5102863312
40000,726664.5219326019
50000,579184.0469837189
