size,BeatGAN
1000,498165.30299186707
2000,768294.8703765869
5000,241521.484375
10000,252890.04182815552
20000,263071.5546607971
50000,568892.6720619202
100000,815760.1940631866
