size,BeatGAN
1000,0.47158333333333335
2000,0.49816948760052215
5000,0.5016379904441532
10000,0.5128558748438988
20000,0.5219340851598335
50000,0.507282255792217
100000,0.5167241529170338
