size,BeatGAN
1000,0.39465144230769234
2000,0.3625
5000,0.36479793140723266
10000,0.3817132406690746
20000,0.3983581780384219
50000,0.38089501673557236
100000,0.38821683079800595
