size,BeatGAN
1000,0.42437371709093863
2000,0.4185799591915713
5000,0.4220347075027093
10000,0.43755217876047203
20000,0.4517635037782958
50000,0.43507410309647676
100000,0.4433308139373864
