lr,window,dffw,precision,recall,fmeasure
0.01,10,16,0.05128205128205128,0.004004004004004004,0.007428040854224698
