threshold,NormA,BeatGAN
NormA,0.23132081226442638
BeatGAN,0.06830630095108696
