threshold,NormA,BeatGAN
NormA,0.6251403501178694
BeatGAN,0.547653758469506
