threshold,NormA,BeatGAN
NormA,0.5611973776492671
BeatGAN,0.38013088157590447
