threshold,NormA,BeatGAN
NormA,0.35067449126218203
BeatGAN,0.24343119129496082
