threshold,NormA,BeatGAN
NormA,0.2151535109828443
BeatGAN,0.20124341724537037
