application,NormA,BeatGAN
power,0.8777404941559402,0.28972569906790946
sed,0.8179716117216118,0.1910943223443223
taxi,0.6723569305091044,0.15039715719063546
machine,0.20626847504781778,0.1337376108502869
