application,NormA,BeatGAN
power,0.8388113221435946,0.3347610559979021
sed,0.4294390341980986,0.277920896890013
taxi,0.30178741921714797,0.20873860857180954
machine,0.0,0.2014786686506786
