application,NormA,BeatGAN
power,0.192,0.7497777777777778
sed,0.34375,0.6376488095238095
taxi,0.5495169082125604,0.7282608695652174
machine,1.0,0.7416225749559083
