application,NormA,BeatGAN
power,0.8031886420759459,0.39637396442495126
sed,0.29114605823206463,0.5093531468531468
taxi,0.19455721393034825,0.34102930447470814
machine,0.22130671506352087,0.4082830774853801
