application,NormA,BeatGAN
power,0.018467583497053044,0.06371971185330713
sed,0.02448297139672366,0.01833237126535162
taxi,0.14473684210526316,0.1265004616805171
machine,0.2153906402976307,0.07156843548071275
