dim,BeatGAN
1,0.17007334125364507
5,0.16813670014195253
10,0.30419538654800937
20,0.23423783538144158
30,0.33666705894514687
40,0.32384303814522747
50,0.25376118147248283
