dim,BeatGAN
1,0.0635327723157995
5,0.07067950039350623
10,0.09004104603815065
20,0.08988244873569046
30,0.11201962450026158
40,0.14222530968331043
50,0.11219368902020845
