dim,BeatGAN
1,0.41111749387254903
2,0.4079605800653595
4,0.3477124183006536
8,0.41981719771241827
16,0.4562755310457516
32,0.4064236111111111
50,0.3571180555555556
