dim,BeatGAN
1,0.0390625
5,0.044744318181818184
10,0.05284090909090909
20,0.055610795454545454
30,0.0671875
40,0.0911221590909091
50,0.07201704545454546
