dim,BeatGAN
1,615.5074484348297
5,689.6317923069
10,790.1134014129639
20,1023.4722921848297
30,904.0562028884888
40,815.2522072792053
50,844.5687143802643
