dim,BeatGAN
1,0.44876841493267533
2,0.44515591994155707
4,0.3778549274562041
8,0.45932458523482633
16,0.4973535748431191
32,0.44553817286890113
50,0.3912120711674971
