dim,BeatGAN
1,406.24259519577026
2,399.95002245903015
4,416.04721665382385
8,425.98808431625366
16,461.60038661956787
32,498.3980438709259
50,650.7412383556366
