dim,BeatGAN
1,0.4944127451220968
2,0.4904020999823727
4,0.4140900409425224
8,0.5076191925345447
16,0.5469684801922332
32,0.49350322325328955
50,0.4328084136428492
