length,NormA
20,0.35707776099047217
30,0.5863478896778377
40,0.573532841453521
50,0.6420527932756455
60,0.475727688115213
70,0.5232077896972885
100,0.41029888280250093
