length,NormA
20,2444.5481300354004
30,2449.54776763916
40,2949.6641159057617
50,2334.5208168029785
60,2455.5540084838867
70,2724.6081829071045
100,3162.708520889282
