length,NormA
20,217.04864501953125
30,186.22779846191406
40,158.0355167388916
50,274.061918258667
60,164.03675079345703
70,143.10646057128906
100,132.02881813049316
