length,NormA
20,0.6036363636363636
30,0.7125151515151515
40,0.6360656565656565
50,0.5268444444444444
60,0.41783880471380475
70,0.3725793650793651
100,0.25708964646464644
