length,NormA
20,0.21796045325692615
30,0.3266196323966519
40,0.3337747555182963
50,0.47248533133546944
60,0.4835144470077976
70,0.36948507366354544
100,0.19517405399283683
