length,NormA
20,0.33125
30,0.4583333333333333
40,0.4428571428571428
50,0.5257142857142857
60,0.45208333333333334
70,0.32857142857142857
100,0.15000000000000002
