length,NormA
20,3065.6867027282715
30,3170.7100868225098
40,3186.711072921753
50,2710.610866546631
60,2737.6134395599365
70,2842.6342010498047
100,3120.699405670166
