length,NormA
20,0.251967225826606
30,0.4798392173160619
40,0.527965954665491
50,0.653068609663617
60,0.5389055159657792
70,0.6484790413560655
100,0.6469260306102006
