length,NormA
20,0.16241389696445876
30,0.2537097149105576
40,0.2678092915979152
50,0.42904428495193947
60,0.5196426232943087
70,0.42203703658233155
100,0.2792830326274849
