length,NormA
20,0.38653789473613265
30,0.5832671679447949
40,0.6091001862415826
50,0.5642163097369702
60,0.48852650514190954
70,0.4634443056607235
100,0.3649187211492321
