length,NormA
20,0.6139999999999999
30,0.7570231481481482
40,0.6291527777777779
50,0.632181746031746
60,0.42659259259259263
70,0.43919444444444444
100,0.3009694444444445
