length,NormA
20,0.28467036000001
30,0.49447661306421653
40,0.5854013050976401
50,0.6083948754339258
60,0.5889209428634816
70,0.6140459912431812
100,0.6319601660290614
