lr,precision,recall,fmeasure
0.0001,0.053763440860215055,0.01858736059479554,0.027624309392265196
0.001,0.053763440860215055,0.01858736059479554,0.027624309392265196
0.01,0.053763440860215055,0.01858736059479554,0.027624309392265196
0.1,0.054945054945054944,0.01858736059479554,0.027777777777777776
