type,NormA,BeatGAN
subg,2771.6236114501953,232151.2634754181
subs,2780.626058578491,227521.22259140015
subt,2799.628734588623,226162.90879249573
