type,NormA,BeatGAN
subg,0.5016323232323232,0.4169791666666667
subs,0.570803591470258,0.36479793140723266
subt,0.632181746031746,0.13305121527777777
