type,NormA,BeatGAN
subg,0.6011439743660635,0.5634209233429979
subs,0.5905826221906819,0.5016379904441532
subt,0.653068609663617,0.20475194121145446
