type,NormA,BeatGAN
subg,0.5463054789913838,0.4787575037008357
subs,0.5799661627378497,0.4220347075027093
subt,0.6420527932756455,0.15983545378030536
