lr,precision,recall,fmeasure
0.0001,0.0996,1.0,0.18115678428519463
0.001,0.0996,1.0,0.18115678428519463
0.01,0.0996,1.0,0.18115678428519463
0.1,Error,Error,Error
