lr,beta,n_latent,epoch,precision,recall,fmeasure
0.01,0.01,8,20,1.0,0.5009228497600591,0.6674864731923266
0.01,0.01,8,40,1.0,0.4987080103359173,0.6655172413793103
0.01,0.01,8,80,1.0,0.499077150239941,0.665845850775671
