algName,time,precision,recall,fmeasure
NormA,1338.4265899658203,0.1709090909090909,0.3315696649029982,0.22555488902219556
BeatGAN,2600316.552400589,0.521484375,0.47089947089947093,0.494902687673772
