algName,time,precision,recall,fmeasure
BeatGAN,23819.051265716553,0.7265625,0.97,0.830815988211457
