algName,time,precision,recall,fmeasure
NormA,1664.87717628479,0.8676190476190477,0.8097777777777777,0.8377011494252874
BeatGAN,5007379.828691483,0.498046875,0.34,0.40412044374009504
