algName,time,precision,recall,fmeasure
NormA,3496.9000816345215,0.4348958333333333,0.6688988095238095,0.5270931636894731
BeatGAN,156369.77577209473,0.6903409090909091,0.7232142857142857,0.7063953488372092
