algName,time,precision,recall,fmeasure
BeatGAN,6318806.059122086,0.2731119791666667,0.23520649151079778,0.2527459225463461
NormA,65.33964896202087,0.08783068615033539,0.7420481378869112,0.15707015342341338
