algName,time,precision,recall,fmeasure
NormA,437.09826469421387,0.441,0.532608695652174,0.48249452954048144
BeatGAN,244850.16918182373,0.353515625,0.43719806763285024,0.39092872570194387
