dim,precision,recall,fmeasure
0,0.5640625,0.7220000000000001,0.6333333333333333
1,0.3046875,0.43,0.3566567418119949
2,0.4890625,0.6660000000000001,0.5639792219035767
