dim,precision,recall,fmeasure
0,0.7083333333333334,0.719820630781644,0.7140307832561054
1,0.5052083333333334,0.497827113222284,0.501490564511628
2,0.24913194444444445,0.24755554850599049,0.2483412448779455
