dim,precision,recall,fmeasure
0,0.21875,0.24614130434782608,0.2316387070376432
1,0.221875,0.35500000000000004,0.2730769230769231
2,0.2234375,0.3575,0.275
