dim,precision,recall,fmeasure
0,0.2711111111111111,0.37749999999999995,0.3155802997858672
1,0.1875,0.375,0.25
2,0.1875,0.375,0.25
