dim,precision,recall,fmeasure
0,0.446,0.4959999999999999,0.46967303609341815
1,0.42000000000000004,0.47800000000000004,0.44712694877505565
2,0.626,0.6759999999999999,0.6500399385560675
