rate,BeatGAN
0.05,0.5903466365938587
0.075,0.5301907053177404
0.1,0.5897841914729989
0.125,0.6198032738904092
0.15,0.6679962510220199
0.175,0.642284773756346
0.2,0.6715963894612387
0.225,0.6962074298948719
0.25,0.7220364134832642
0.275,0.7136227182811092
0.3,0.7457480047144365
