rate,BeatGAN
0.05,0.44704427083333337
0.075,0.5041294642857143
0.1,0.4457790798611111
0.125,0.4536776620370371
0.15,0.4727881753663004
0.175,0.481414483762255
0.2,0.47919746517027867
0.225,0.4821836195602643
0.25,0.4911272071986808
0.275,0.4979320241864446
0.3,0.4850884866291117
