rate,BeatGAN
0.05,0.43058593749999996
0.075,0.43545386904761896
0.1,0.42809027777777775
0.125,0.4484138257575757
0.15,0.4936235119047619
0.175,0.49067287071078425
0.2,0.4836942616959064
0.225,0.5038686233813701
0.25,0.5038781386751836
0.275,0.5145587517102463
0.3,0.5106174677513577
