rate,BeatGAN
0.05,0.49709438752325735
0.075,0.4777208592425567
0.1,0.4959237154292094
0.125,0.5199504483140247
0.15,0.5674285348471373
0.175,0.5560340313352807
0.2,0.5619372946537996
0.225,0.5842828245044001
0.25,0.5929120535707455
0.275,0.5977183448232098
0.3,0.6060124544049319
