rate,BeatGAN
0.05,498790.99130630493
0.075,500494.37379837036
0.1,502342.8807258606
0.125,503617.6173686981
0.15,502625.8406639099
0.175,499231.5812110901
0.2,499318.1080818176
0.225,497953.7880420685
0.25,497921.7824935913
0.275,494521.0564136505
0.3,496355.1118373871
