rate,BeatGAN
0.05,482325.97398757935
0.075,482560.533285141
0.1,483613.2769584656
0.125,486028.9103984833
0.15,486871.6986179352
0.175,485741.2486076355
0.2,483646.77834510803
0.225,482720.07632255554
0.25,481509.79137420654
0.275,481206.76350593567
0.3,478245.0544834137
