algName,time,precision,recall,fmeasure
tranAD,1.6193647384643555,0.9961685823754789,0.40372670807453415,0.574585635359116
tranAD,1.5852842330932617,0.9961685823754789,0.40372670807453415,0.574585635359116
