algName,time,precision,recall,fmeasure
tranAD,1.6053111553192139,0.9961685823754789,0.40372670807453415,0.574585635359116
