algName,time,precision,recall,fmeasure
tranAD,Error,Error,Error,Error
tranAD,3.6047792434692383,0.010361203050798675,0.972972972972973,0.020504058094831266
