rate,BeatGAN
0.05,0.42664361132760326
0.075,0.42461829568394294
0.1,0.4313725701515879
0.125,0.458122282743833
0.15,0.4604702281230263
0.175,0.4842142736154565
0.2,0.4910418417231142
0.225,0.4997323097990322
0.25,0.5054265913452303
0.275,0.5007018441376492
0.3,0.5218133624279591
